<project xmlns="http://maven.apache.org/POM/4.0.0" xmlns:xsi="http://www.w3.org/2001/XMLSchema-instance" xsi:schemaLocation="http://maven.apache.org/POM/4.0.0 http://maven.apache.org/xsd/maven-4.0.0.xsd">
  <modelVersion>4.0.0</modelVersion>
  <groupId>org.station</groupId>
  <artifactId>chat</artifactId>
  <version>0.0.1-SNAPSHOT</version>
  <name>StationChat Server Emulator</name>
  <description>StationChat Server Emulator</description>
  <dependencies>
  	  <dependency>
        <groupId>io.netty</groupId>
        <artifactId>netty-all</artifactId>
        <version>4.0.33.Final</version>
      </dependency>
      <dependency>
        <groupId>org.apache.logging.log4j</groupId>
        <artifactId>log4j-api</artifactId>
        <version>2.5</version>
      </dependency>
      <dependency>
        <groupId>org.apache.logging.log4j</groupId>
        <artifactId>log4j-core</artifactId>
        <version>2.5</version>
      </dependency>
	  <dependency>
		 <groupId>org.fusesource.leveldbjni</groupId>
		 <artifactId>leveldbjni-all</artifactId>
		 <version>1.8</version>
	  </dependency>
	  <dependency>
		<groupId>com.lmax</groupId>
		<artifactId>disruptor</artifactId>
		<version>3.3.4</version>
	  </dependency>
	  <dependency>
        <groupId>com.esotericsoftware</groupId>
        <artifactId>kryo</artifactId>
        <version>3.0.3</version>
      </dependency>
      <dependency>
        <groupId>net.sf.trove4j</groupId>
        <artifactId>trove4j</artifactId>
        <version>3.0.3</version>
      </dependency>
  </dependencies>
</project>